{
  "series_id": "ID_8b19b004d0",
  "num_slices_exported": 30,
  "cropped_to_max_slices": false,
  "predicted_class_index": 0,
  "predicted_class_name": "any",
  "target_class_index": 0,
  "probabilities": {
    "any": 0.021848872303962708,
    "epidural": 0.0017217057757079601,
    "intraparenchymal": 0.010500717908143997,
    "intraventricular": 0.01022082194685936,
    "subarachnoid": 0.0057573686353862286,
    "subdural": 0.00685205077752471
  }
}